{"cameraMode":{"drawMode":0,"name":"Shaded","section":"Shading Mode"},"sceneLighting":false,"audioPlay":false,"sceneViewState":{"showFog":true,"showMaterialUpdate":false,"showSkybox":false,"showFlares":true,"showImageEffects":true,"showParticleSystems":true},"in2DMode":false,"pivot":{"x":-0.09709999710321427,"y":0.03620000183582306,"z":-0.0009999996982514859},"rotation":{"x":0.1479557454586029,"y":-3.2538443406338049e-7,"z":-9.072834359358239e-7,"w":0.9889993071556091},"size":0.053192753344774249,"orthographic":false}