{"cameraMode":{"drawMode":0,"name":"Shaded","section":"Shading Mode"},"sceneLighting":false,"audioPlay":false,"sceneViewState":{"showFog":true,"showMaterialUpdate":false,"showSkybox":false,"showFlares":true,"showImageEffects":true,"showParticleSystems":true},"in2DMode":false,"pivot":{"x":-0.00004193931818008423,"y":-0.013350002467632294,"z":0.4905000627040863},"rotation":{"x":-0.06341423839330673,"y":0.17865818738937379,"z":0.011539353057742119,"w":0.9818036556243897},"size":0.11011333763599396,"orthographic":false}