{"cameraMode":{"drawMode":0,"name":"Shaded","section":"Shading Mode"},"sceneLighting":true,"audioPlay":false,"sceneViewState":{"showFog":true,"showMaterialUpdate":false,"showSkybox":true,"showFlares":true,"showImageEffects":true,"showParticleSystems":true},"in2DMode":false,"pivot":{"x":0.00862399023026228,"y":-0.07233539968729019,"z":0.1091533824801445},"rotation":{"x":-0.013495227321982384,"y":0.025494800880551339,"z":0.0003432677185628563,"w":0.9995936751365662},"size":0.009511232376098633,"orthographic":false}