{"cameraMode":{"drawMode":0,"name":"Shaded","section":"Shading Mode"},"sceneLighting":false,"audioPlay":false,"sceneViewState":{"showFog":true,"showMaterialUpdate":false,"showSkybox":false,"showFlares":true,"showImageEffects":true,"showParticleSystems":true},"in2DMode":false,"pivot":{"x":0.05050000548362732,"y":0.012600000947713852,"z":-0.007550023961812258},"rotation":{"x":-0.005999453831464052,"y":0.013499370776116848,"z":0.00008099863771349192,"w":0.9998911619186401},"size":0.10078300535678864,"orthographic":false}