{"cameraMode":{"drawMode":0,"name":"Shaded","section":"Shading Mode"},"sceneLighting":true,"audioPlay":false,"sceneViewState":{"showFog":true,"showMaterialUpdate":false,"showSkybox":true,"showFlares":true,"showImageEffects":true,"showParticleSystems":true},"in2DMode":false,"pivot":{"x":0.007540301885455847,"y":-0.07227833569049835,"z":0.10912241041660309},"rotation":{"x":-0.0014993903459981084,"y":-0.028496118262410165,"z":-0.00004275505489204079,"w":0.9995929598808289},"size":0.009511232376098633,"orthographic":false}